run_id,env_id,model,model_safe,temperature,attempt_idx,n_eval_episodes,seed,mean_reward,std_reward,min_reward,max_reward,total_env_steps,n_failures,status,policy_path,trace_path,eval_path
one_shot_Pendulum-v1_llama3_1_8b_temp0.4_attempt0_20260626_154813,Pendulum-v1,llama3.1:8b,llama3_1_8b,0.4,0,100,42,-1806.106433749159,95.39415239828502,-1946.8931249671425,-1553.5955085502126,20000,0,valid,/home/jarnedemoen/Documents/LLM_Policy_vs_RL_Control/results/llm_one_shot/pendulum/llama3_1_8b/policies/one_shot_Pendulum-v1_llama3_1_8b_temp0.4_attempt0_20260626_154813_policy.py,/home/jarnedemoen/Documents/LLM_Policy_vs_RL_Control/results/llm_one_shot/pendulum/llama3_1_8b/sensory_motor_traces/one_shot_Pendulum-v1_llama3_1_8b_temp0.4_attempt0_20260626_154813_trace.jsonl,/home/jarnedemoen/Documents/LLM_Policy_vs_RL_Control/results/llm_one_shot/pendulum/llama3_1_8b/eval_logs/one_shot_Pendulum-v1_llama3_1_8b_temp0.4_attempt0_20260626_154813_eval.json
one_shot_Pendulum-v1_llama3_1_8b_temp0.4_attempt1_20260626_155003,Pendulum-v1,llama3.1:8b,llama3_1_8b,0.4,1,100,43,-1186.5056622871452,261.89005176875673,-1503.856556579062,-733.4527514771531,20000,10876,runtime_failures,/home/jarnedemoen/Documents/LLM_Policy_vs_RL_Control/results/llm_one_shot/pendulum/llama3_1_8b/policies/one_shot_Pendulum-v1_llama3_1_8b_temp0.4_attempt1_20260626_155003_policy.py,/home/jarnedemoen/Documents/LLM_Policy_vs_RL_Control/results/llm_one_shot/pendulum/llama3_1_8b/sensory_motor_traces/one_shot_Pendulum-v1_llama3_1_8b_temp0.4_attempt1_20260626_155003_trace.jsonl,/home/jarnedemoen/Documents/LLM_Policy_vs_RL_Control/results/llm_one_shot/pendulum/llama3_1_8b/eval_logs/one_shot_Pendulum-v1_llama3_1_8b_temp0.4_attempt1_20260626_155003_eval.json
one_shot_Pendulum-v1_llama3_1_8b_temp0.4_attempt2_20260626_155152,Pendulum-v1,llama3.1:8b,llama3_1_8b,0.4,2,100,44,-1184.0248940708968,236.40123672558187,-1519.3317081936143,-828.9195070855477,20000,0,valid,/home/jarnedemoen/Documents/LLM_Policy_vs_RL_Control/results/llm_one_shot/pendulum/llama3_1_8b/policies/one_shot_Pendulum-v1_llama3_1_8b_temp0.4_attempt2_20260626_155152_policy.py,/home/jarnedemoen/Documents/LLM_Policy_vs_RL_Control/results/llm_one_shot/pendulum/llama3_1_8b/sensory_motor_traces/one_shot_Pendulum-v1_llama3_1_8b_temp0.4_attempt2_20260626_155152_trace.jsonl,/home/jarnedemoen/Documents/LLM_Policy_vs_RL_Control/results/llm_one_shot/pendulum/llama3_1_8b/eval_logs/one_shot_Pendulum-v1_llama3_1_8b_temp0.4_attempt2_20260626_155152_eval.json
one_shot_Pendulum-v1_qwen2_5-coder_7b_temp0.4_attempt0_20260626_155344,Pendulum-v1,qwen2.5-coder:7b,qwen2_5-coder_7b,0.4,0,100,42,-1229.9926549338506,349.8495663603297,-1898.9396007931127,-378.0713893776936,20000,20000,runtime_failures,/home/jarnedemoen/Documents/LLM_Policy_vs_RL_Control/results/llm_one_shot/pendulum/qwen2_5-coder_7b/policies/one_shot_Pendulum-v1_qwen2_5-coder_7b_temp0.4_attempt0_20260626_155344_policy.py,/home/jarnedemoen/Documents/LLM_Policy_vs_RL_Control/results/llm_one_shot/pendulum/qwen2_5-coder_7b/sensory_motor_traces/one_shot_Pendulum-v1_qwen2_5-coder_7b_temp0.4_attempt0_20260626_155344_trace.jsonl,/home/jarnedemoen/Documents/LLM_Policy_vs_RL_Control/results/llm_one_shot/pendulum/qwen2_5-coder_7b/eval_logs/one_shot_Pendulum-v1_qwen2_5-coder_7b_temp0.4_attempt0_20260626_155344_eval.json
one_shot_Pendulum-v1_qwen2_5-coder_7b_temp0.4_attempt1_20260626_155559,Pendulum-v1,qwen2.5-coder:7b,qwen2_5-coder_7b,0.4,1,100,43,-1235.125783623867,354.1808023925448,-1898.9396007931127,-378.0713893776936,20000,20000,runtime_failures,/home/jarnedemoen/Documents/LLM_Policy_vs_RL_Control/results/llm_one_shot/pendulum/qwen2_5-coder_7b/policies/one_shot_Pendulum-v1_qwen2_5-coder_7b_temp0.4_attempt1_20260626_155559_policy.py,/home/jarnedemoen/Documents/LLM_Policy_vs_RL_Control/results/llm_one_shot/pendulum/qwen2_5-coder_7b/sensory_motor_traces/one_shot_Pendulum-v1_qwen2_5-coder_7b_temp0.4_attempt1_20260626_155559_trace.jsonl,/home/jarnedemoen/Documents/LLM_Policy_vs_RL_Control/results/llm_one_shot/pendulum/qwen2_5-coder_7b/eval_logs/one_shot_Pendulum-v1_qwen2_5-coder_7b_temp0.4_attempt1_20260626_155559_eval.json
one_shot_Pendulum-v1_qwen2_5-coder_7b_temp0.4_attempt2_20260626_155759,Pendulum-v1,qwen2.5-coder:7b,qwen2_5-coder_7b,0.4,2,100,44,-1184.0248940708968,236.40123672558187,-1519.3317081936143,-828.9195070855477,20000,0,valid,/home/jarnedemoen/Documents/LLM_Policy_vs_RL_Control/results/llm_one_shot/pendulum/qwen2_5-coder_7b/policies/one_shot_Pendulum-v1_qwen2_5-coder_7b_temp0.4_attempt2_20260626_155759_policy.py,/home/jarnedemoen/Documents/LLM_Policy_vs_RL_Control/results/llm_one_shot/pendulum/qwen2_5-coder_7b/sensory_motor_traces/one_shot_Pendulum-v1_qwen2_5-coder_7b_temp0.4_attempt2_20260626_155759_trace.jsonl,/home/jarnedemoen/Documents/LLM_Policy_vs_RL_Control/results/llm_one_shot/pendulum/qwen2_5-coder_7b/eval_logs/one_shot_Pendulum-v1_qwen2_5-coder_7b_temp0.4_attempt2_20260626_155759_eval.json
one_shot_Pendulum-v1_qwen2_5-coder_14b_temp0.4_attempt0_20260626_155946,Pendulum-v1,qwen2.5-coder:14b,qwen2_5-coder_14b,0.4,0,100,42,-1180.9195375369534,234.1752691046761,-1519.3317081936143,-828.9195070855477,20000,0,valid,/home/jarnedemoen/Documents/LLM_Policy_vs_RL_Control/results/llm_one_shot/pendulum/qwen2_5-coder_14b/policies/one_shot_Pendulum-v1_qwen2_5-coder_14b_temp0.4_attempt0_20260626_155946_policy.py,/home/jarnedemoen/Documents/LLM_Policy_vs_RL_Control/results/llm_one_shot/pendulum/qwen2_5-coder_14b/sensory_motor_traces/one_shot_Pendulum-v1_qwen2_5-coder_14b_temp0.4_attempt0_20260626_155946_trace.jsonl,/home/jarnedemoen/Documents/LLM_Policy_vs_RL_Control/results/llm_one_shot/pendulum/qwen2_5-coder_14b/eval_logs/one_shot_Pendulum-v1_qwen2_5-coder_14b_temp0.4_attempt0_20260626_155946_eval.json
one_shot_Pendulum-v1_qwen2_5-coder_14b_temp0.4_attempt1_20260626_160343,Pendulum-v1,qwen2.5-coder:14b,qwen2_5-coder_14b,0.4,1,100,43,-1184.1010126172885,236.32264993726463,-1519.3317081936143,-828.9195070855477,20000,0,valid,/home/jarnedemoen/Documents/LLM_Policy_vs_RL_Control/results/llm_one_shot/pendulum/qwen2_5-coder_14b/policies/one_shot_Pendulum-v1_qwen2_5-coder_14b_temp0.4_attempt1_20260626_160343_policy.py,/home/jarnedemoen/Documents/LLM_Policy_vs_RL_Control/results/llm_one_shot/pendulum/qwen2_5-coder_14b/sensory_motor_traces/one_shot_Pendulum-v1_qwen2_5-coder_14b_temp0.4_attempt1_20260626_160343_trace.jsonl,/home/jarnedemoen/Documents/LLM_Policy_vs_RL_Control/results/llm_one_shot/pendulum/qwen2_5-coder_14b/eval_logs/one_shot_Pendulum-v1_qwen2_5-coder_14b_temp0.4_attempt1_20260626_160343_eval.json
one_shot_Pendulum-v1_qwen2_5-coder_14b_temp0.4_attempt2_20260626_160725,Pendulum-v1,qwen2.5-coder:14b,qwen2_5-coder_14b,0.4,2,100,44,-1324.9586132616867,279.69499771343027,-1917.7438598807387,-961.2750683098556,20000,0,valid,/home/jarnedemoen/Documents/LLM_Policy_vs_RL_Control/results/llm_one_shot/pendulum/qwen2_5-coder_14b/policies/one_shot_Pendulum-v1_qwen2_5-coder_14b_temp0.4_attempt2_20260626_160725_policy.py,/home/jarnedemoen/Documents/LLM_Policy_vs_RL_Control/results/llm_one_shot/pendulum/qwen2_5-coder_14b/sensory_motor_traces/one_shot_Pendulum-v1_qwen2_5-coder_14b_temp0.4_attempt2_20260626_160725_trace.jsonl,/home/jarnedemoen/Documents/LLM_Policy_vs_RL_Control/results/llm_one_shot/pendulum/qwen2_5-coder_14b/eval_logs/one_shot_Pendulum-v1_qwen2_5-coder_14b_temp0.4_attempt2_20260626_160725_eval.json
